<?xml version='1.0' encoding='UTF-8'?>
<?artifactRepository version='1.1.0'?>
<repository name='Bundle pool' type='org.eclipse.equinox.p2.artifact.repository.simpleRepository' version='1'>
  <properties size='2'>
    <property name='p2.system' value='true'/>
    <property name='p2.timestamp' value='1287076954069'/>
  </properties>
  <mappings size='3'>
    <rule filter='(&amp; (classifier=osgi.bundle))' output='${repoUrl}/plugins/${id}_${version}.jar'/>
    <rule filter='(&amp; (classifier=binary))' output='${repoUrl}/binary/${id}_${version}'/>
    <rule filter='(&amp; (classifier=org.eclipse.update.feature))' output='${repoUrl}/features/${id}_${version}.jar'/>
  </mappings>
  <artifacts size='50'>
    <artifact classifier='osgi.bundle' id='org.eclipse.equinox.simpleconfigurator' version='1.0.200.v20100503'>
      <properties size='1'>
        <property name='download.size' value='39333'/>
      </properties>
    </artifact>
    <artifact classifier='osgi.bundle' id='org.eclipse.core.net' version='1.2.100.I20100511-0800'>
      <properties size='1'>
        <property name='download.size' value='65576'/>
      </properties>
    </artifact>
    <artifact classifier='osgi.bundle' id='org.eclipse.equinox.p2.garbagecollector' version='1.0.100.v20100503'>
      <properties size='1'>
        <property name='download.size' value='24519'/>
      </properties>
    </artifact>
    <artifact classifier='osgi.bundle' id='org.eclipse.equinox.ds' version='1.2.1.R36x_v20100803'>
      <properties size='1'>
        <property name='download.size' value='184119'/>
      </properties>
    </artifact>
    <artifact classifier='osgi.bundle' id='org.eclipse.ecf.filetransfer' version='4.0.0.v20100529-0735'>
      <properties size='1'>
        <property name='download.size' value='51226'/>
      </properties>
    </artifact>
    <artifact classifier='osgi.bundle' id='org.eclipse.equinox.registry' version='3.5.0.v20100503'>
      <properties size='1'>
        <property name='download.size' value='182593'/>
      </properties>
    </artifact>
    <artifact classifier='osgi.bundle' id='org.eclipse.core.jobs' version='3.5.1.R36x_v20100824'>
      <properties size='1'>
        <property name='download.size' value='90875'/>
      </properties>
    </artifact>
    <artifact classifier='osgi.bundle' id='org.eclipse.equinox.p2.publisher' version='1.1.2.v20100824-2220'>
      <properties size='1'>
        <property name='download.size' value='279659'/>
      </properties>
    </artifact>
    <artifact classifier='osgi.bundle' id='org.eclipse.core.net.linux.x86_64' version='1.1.0.I20100505-1245'>
      <properties size='1'>
        <property name='download.size' value='37748'/>
      </properties>
    </artifact>
    <artifact classifier='osgi.bundle' id='org.eclipse.equinox.p2.touchpoint.natives' version='1.0.200.v20100503a'>
      <properties size='1'>
        <property name='download.size' value='49914'/>
      </properties>
    </artifact>
    <artifact classifier='osgi.bundle' id='org.eclipse.equinox.launcher.gtk.linux.x86_64' version='1.1.1.R36x_v20100810'>
      <properties size='1'>
        <property name='download.size' value='73503'/>
      </properties>
      <repositoryProperties size='1'>
        <property name='artifact.folder' value='true'/>
      </repositoryProperties>
    </artifact>
    <artifact classifier='osgi.bundle' id='org.eclipse.equinox.p2.director.app' version='1.0.201.R36x_v20100823'>
      <properties size='1'>
        <property name='download.size' value='53983'/>
      </properties>
    </artifact>
    <artifact classifier='osgi.bundle' id='org.apache.commons.codec' version='1.3.0.v20100518-1140'>
      <properties size='1'>
        <property name='download.size' value='54999'/>
      </properties>
      <repositoryProperties size='1'>
        <property name='artifact.folder' value='true'/>
      </repositoryProperties>
    </artifact>
    <artifact classifier='osgi.bundle' id='org.sat4j.core' version='2.2.0.v20100429'>
      <properties size='1'>
        <property name='download.size' value='193844'/>
      </properties>
    </artifact>
    <artifact classifier='osgi.bundle' id='org.eclipse.update.configurator' version='3.3.100.v20100512'>
      <properties size='1'>
        <property name='download.size' value='99899'/>
      </properties>
    </artifact>
    <artifact classifier='osgi.bundle' id='org.eclipse.ecf.provider.filetransfer' version='3.1.0.v20100529-0735'>
      <properties size='1'>
        <property name='download.size' value='125191'/>
      </properties>
    </artifact>
    <artifact classifier='osgi.bundle' id='org.eclipse.equinox.security' version='1.0.200.v20100503'>
      <properties size='1'>
        <property name='download.size' value='106100'/>
      </properties>
    </artifact>
    <artifact classifier='osgi.bundle' id='org.eclipse.ecf.provider.filetransfer.httpclient.ssl' version='1.0.0.v20100529-0735'>
      <properties size='1'>
        <property name='download.size' value='16725'/>
      </properties>
    </artifact>
    <artifact classifier='osgi.bundle' id='org.eclipse.equinox.preferences' version='3.3.0.v20100503'>
      <properties size='1'>
        <property name='download.size' value='111095'/>
      </properties>
    </artifact>
    <artifact classifier='osgi.bundle' id='org.eclipse.equinox.launcher' version='1.1.0.v20100507'>
      <properties size='1'>
        <property name='download.size' value='47023'/>
      </properties>
    </artifact>
    <artifact classifier='osgi.bundle' id='org.eclipse.equinox.p2.console' version='1.0.200.v20100601'>
      <properties size='1'>
        <property name='download.size' value='23549'/>
      </properties>
    </artifact>
    <artifact classifier='osgi.bundle' id='org.eclipse.osgi' version='3.6.1.R36x_v20100806'>
      <properties size='1'>
        <property name='download.size' value='1147555'/>
      </properties>
    </artifact>
    <artifact classifier='osgi.bundle' id='org.apache.ant' version='1.7.1.v20100518-1145'>
      <properties size='1'>
        <property name='download.size' value='2010945'/>
      </properties>
      <repositoryProperties size='1'>
        <property name='artifact.folder' value='true'/>
      </repositoryProperties>
    </artifact>
    <artifact classifier='osgi.bundle' id='org.eclipse.equinox.frameworkadmin.equinox' version='1.0.200.v20100505'>
      <properties size='1'>
        <property name='download.size' value='61057'/>
      </properties>
    </artifact>
    <artifact classifier='osgi.bundle' id='org.eclipse.equinox.app' version='1.3.1.R36x_v20100803'>
      <properties size='1'>
        <property name='download.size' value='83838'/>
      </properties>
    </artifact>
    <artifact classifier='osgi.bundle' id='org.eclipse.equinox.event' version='1.2.0.v20100503'>
      <properties size='1'>
        <property name='download.size' value='30583'/>
      </properties>
    </artifact>
    <artifact classifier='osgi.bundle' id='org.eclipse.equinox.p2.repository' version='2.0.1.R36x_v20100823'>
      <properties size='1'>
        <property name='download.size' value='150674'/>
      </properties>
    </artifact>
    <artifact classifier='osgi.bundle' id='org.eclipse.equinox.common' version='3.6.0.v20100503'>
      <properties size='1'>
        <property name='download.size' value='101958'/>
      </properties>
    </artifact>
    <artifact classifier='osgi.bundle' id='org.eclipse.equinox.util' version='1.0.200.v20100503'>
      <properties size='1'>
        <property name='download.size' value='76822'/>
      </properties>
    </artifact>
    <artifact classifier='osgi.bundle' id='org.eclipse.ecf.ssl' version='1.0.0.v20100529-0735'>
      <properties size='1'>
        <property name='download.size' value='11551'/>
      </properties>
    </artifact>
    <artifact classifier='osgi.bundle' id='org.eclipse.ecf.identity' version='3.1.0.v20100529-0735'>
      <properties size='1'>
        <property name='download.size' value='54610'/>
      </properties>
    </artifact>
    <artifact classifier='osgi.bundle' id='org.eclipse.equinox.p2.jarprocessor' version='1.0.200.v20100503a'>
      <properties size='1'>
        <property name='download.size' value='66999'/>
      </properties>
    </artifact>
    <artifact classifier='osgi.bundle' id='org.eclipse.equinox.p2.touchpoint.eclipse' version='2.0.2.R36x_v20100823'>
      <properties size='1'>
        <property name='download.size' value='117919'/>
      </properties>
    </artifact>
    <artifact classifier='osgi.bundle' id='org.eclipse.equinox.p2.metadata.repository' version='1.1.0.v20100513'>
      <properties size='1'>
        <property name='download.size' value='108925'/>
      </properties>
    </artifact>
    <artifact classifier='osgi.bundle' id='org.apache.commons.logging' version='1.0.4.v201005080501'>
      <properties size='1'>
        <property name='download.size' value='45396'/>
      </properties>
    </artifact>
    <artifact classifier='osgi.bundle' id='org.eclipse.equinox.p2.metadata' version='2.0.0.v20100601'>
      <properties size='1'>
        <property name='download.size' value='328279'/>
      </properties>
    </artifact>
    <artifact classifier='osgi.bundle' id='org.eclipse.equinox.p2.director' version='2.0.2.R36x_v20100823'>
      <properties size='1'>
        <property name='download.size' value='97252'/>
      </properties>
    </artifact>
    <artifact classifier='osgi.bundle' id='org.sat4j.pb' version='2.2.0.v20100429'>
      <properties size='1'>
        <property name='download.size' value='121386'/>
      </properties>
    </artifact>
    <artifact classifier='osgi.bundle' id='org.eclipse.osgi.services' version='3.2.100.v20100503'>
      <properties size='1'>
        <property name='download.size' value='67437'/>
      </properties>
    </artifact>
    <artifact classifier='osgi.bundle' id='org.eclipse.ecf.provider.filetransfer.ssl' version='1.0.0.v20100529-0735'>
      <properties size='1'>
        <property name='download.size' value='8464'/>
      </properties>
    </artifact>
    <artifact classifier='osgi.bundle' id='org.eclipse.equinox.p2.artifact.repository' version='1.1.1.R36x_v20100901'>
      <properties size='1'>
        <property name='download.size' value='124554'/>
      </properties>
    </artifact>
    <artifact classifier='osgi.bundle' id='org.eclipse.equinox.simpleconfigurator.manipulator' version='2.0.0.v20100503'>
      <properties size='1'>
        <property name='download.size' value='22826'/>
      </properties>
    </artifact>
    <artifact classifier='osgi.bundle' id='org.eclipse.equinox.frameworkadmin' version='2.0.0.v20100503'>
      <properties size='1'>
        <property name='download.size' value='34984'/>
      </properties>
    </artifact>
    <artifact classifier='osgi.bundle' id='org.apache.commons.httpclient' version='3.1.0.v201005080502'>
      <properties size='1'>
        <property name='download.size' value='321330'/>
      </properties>
      <repositoryProperties size='1'>
        <property name='artifact.folder' value='true'/>
      </repositoryProperties>
    </artifact>
    <artifact classifier='osgi.bundle' id='org.eclipse.core.runtime' version='3.6.0.v20100505'>
      <properties size='1'>
        <property name='download.size' value='70928'/>
      </properties>
    </artifact>
    <artifact classifier='osgi.bundle' id='org.eclipse.ecf.provider.filetransfer.httpclient' version='4.0.0.v20100529-0735'>
      <properties size='1'>
        <property name='download.size' value='68421'/>
      </properties>
    </artifact>
    <artifact classifier='osgi.bundle' id='org.eclipse.core.contenttype' version='3.4.100.v20100505-1235'>
      <properties size='1'>
        <property name='download.size' value='91927'/>
      </properties>
    </artifact>
    <artifact classifier='osgi.bundle' id='org.eclipse.ecf' version='3.1.0.v20100529-0735'>
      <properties size='1'>
        <property name='download.size' value='94407'/>
      </properties>
    </artifact>
    <artifact classifier='osgi.bundle' id='org.eclipse.equinox.p2.core' version='2.0.2.R36x_v20100804'>
      <properties size='1'>
        <property name='download.size' value='67979'/>
      </properties>
    </artifact>
    <artifact classifier='osgi.bundle' id='org.eclipse.equinox.p2.engine' version='2.0.0.v20100606'>
      <properties size='1'>
        <property name='download.size' value='177986'/>
      </properties>
    </artifact>
  </artifacts>
</repository>
